country,city,connectorType,durationCharge,durationSession,energy,tariff,cost,meanPower,maxPower,startDate,startTimestamp,weekDayStart,yearStart,hourStart,minuteStart,endDate,endTimestamp,weekDayEnd,yearEnd,hourEnd,minuteEnd,anomaly,class
UK,Dundee,Rapid,0.18,0.18,8.101,0.2,1.59,45.006,50.0,31/01/2021 02:33:00,1612056780.0,6,2021.0,2,33,31/01/2021 02:44:00,1612057440.0,6,2021.0,2,44,0,Normal
UK,Dundee,Rapid,0.7,0.7,24.466,0.17,4.04,34.951,50.0,31/01/2021 02:52:00,1612057920.0,6,2021.0,2,52,31/01/2021 03:34:00,1612060440.0,6,2021.0,3,34,0,Normal
UK,Dundee,Rapid,0.22,0.22,4.155,0.24,1.0,18.886,50.0,31/01/2021 02:52:00,1612057920.0,6,2021.0,2,52,31/01/2021 03:05:00,1612058700.0,6,2021.0,3,5,0,Normal
UK,Dundee,Rapid,0.4,0.4,10.738,0.19,1.99,26.845,50.0,31/01/2021 03:11:00,1612059060.0,6,2021.0,3,11,31/01/2021 03:35:00,1612060500.0,6,2021.0,3,35,0,Normal
UK,Dundee,Fast,18.05,18.05,22.161,0.17,3.7,1.228,22.0,31/01/2021 03:13:00,1612059180.0,6,2021.0,3,13,31/01/2021 21:16:00,1612124160.0,6,2021.0,21,16,0,Normal
UK,Dundee,Rapid,0.7,0.7,6.49,0.21,1.35,9.271,50.0,31/01/2021 03:17:00,1612059420.0,6,2021.0,3,17,31/01/2021 03:59:00,1612061940.0,6,2021.0,3,59,0,Normal
UK,Dundee,Fast,12.48,12.48,33.64,0.16,5.42,2.696,7.0,31/01/2021 03:53:00,1612061580.0,6,2021.0,3,53,31/01/2021 16:22:00,1612106520.0,6,2021.0,16,22,0,Normal
UK,Dundee,Rapid,0.4,0.4,12.399,0.18,2.23,30.997,50.0,31/01/2021 03:58:00,1612061880.0,6,2021.0,3,58,31/01/2021 04:22:00,1612063320.0,6,2021.0,4,22,0,Normal
UK,Dundee,Fast,13.7,13.7,4.291,0.24,1.02,0.313,22.0,31/01/2021 04:01:00,1612062060.0,6,2021.0,4,1,31/01/2021 17:43:00,1612111380.0,6,2021.0,17,43,0,Normal
UK,Dundee,Rapid,0.4,0.4,6.505,0.21,1.35,16.262,50.0,31/01/2021 04:10:00,1612062600.0,6,2021.0,4,10,31/01/2021 04:34:00,1612064040.0,6,2021.0,4,34,0,Normal
UK,Dundee,Rapid,0.17,0.17,7.335,0.2,1.48,43.147,50.0,31/01/2021 04:25:00,1612063500.0,6,2021.0,4,25,31/01/2021 04:35:00,1612064100.0,6,2021.0,4,35,0,Normal
UK,Dundee,Rapid,0.05,0.05,0.919,0.55,0.51,18.38,50.0,31/01/2021 05:12:00,1612066320.0,6,2021.0,5,12,31/01/2021 05:15:00,1612066500.0,6,2021.0,5,15,0,Normal
UK,Dundee,Rapid,0.2,0.2,4.533,0.23,1.05,22.665,50.0,31/01/2021 05:14:00,1612066440.0,6,2021.0,5,14,31/01/2021 05:26:00,1612067160.0,6,2021.0,5,26,0,Normal
UK,Dundee,Rapid,0.08,0.08,2.956,0.28,0.82,36.95,50.0,31/01/2021 05:23:00,1612066980.0,6,2021.0,5,23,31/01/2021 05:28:00,1612067280.0,6,2021.0,5,28,0,Normal
UK,Dundee,Rapid,0.73,0.73,11.91,0,0,16.315,50.0,31/01/2021 05:49:00,1612068540.0,6,2021.0,5,49,31/01/2021 06:33:00,1612071180.0,6,2021.0,6,33,0,Normal
UK,Dundee,Rapid,0.62,0.62,11.647,0.18,2.12,18.785,50.0,31/01/2021 05:51:00,1612068660.0,6,2021.0,5,51,31/01/2021 06:28:00,1612070880.0,6,2021.0,6,28,0,Normal
UK,Dundee,Rapid,0.72,0.72,8.489,0.19,1.65,11.79,50.0,31/01/2021 05:53:00,1612068780.0,6,2021.0,5,53,31/01/2021 06:36:00,1612071360.0,6,2021.0,6,36,0,Normal
UK,Dundee,Rapid,0.18,0.18,2.538,0.3,0.76,14.1,50.0,31/01/2021 06:21:00,1612070460.0,6,2021.0,6,21,31/01/2021 06:32:00,1612071120.0,6,2021.0,6,32,0,Normal
UK,Dundee,Rapid,1.0,1.0,20.282,0,0,20.282,50.0,31/01/2021 06:23:00,1612070580.0,6,2021.0,6,23,31/01/2021 07:23:00,1612074180.0,6,2021.0,7,23,0,Normal
UK,Dundee,Rapid,0.62,0.62,15.871,0.17,2.76,25.598,50.0,31/01/2021 06:40:00,1612071600.0,6,2021.0,6,40,31/01/2021 07:17:00,1612073820.0,6,2021.0,7,17,0,Normal
UK,Dundee,Rapid,1.2,1.2,26.722,0.16,4.38,22.268,50.0,31/01/2021 06:58:00,1612072680.0,6,2021.0,6,58,31/01/2021 08:10:00,1612077000.0,6,2021.0,8,10,0,Normal
UK,Dundee,Rapid,0.1,0.1,4.661,0.23,1.07,46.61,50.0,31/01/2021 07:07:00,1612073220.0,6,2021.0,7,7,31/01/2021 07:13:00,1612073580.0,6,2021.0,7,13,0,Normal
UK,Dundee,Rapid,0.13,0.13,5.675,0.22,1.23,43.654,50.0,31/01/2021 07:08:00,1612073280.0,6,2021.0,7,8,31/01/2021 07:16:00,1612073760.0,6,2021.0,7,16,0,Normal
UK,Dundee,Rapid,0.42,0.42,14.436,0.18,2.54,34.371,50.0,31/01/2021 07:15:00,1612073700.0,6,2021.0,7,15,31/01/2021 07:40:00,1612075200.0,6,2021.0,7,40,0,Normal
UK,Dundee,Rapid,0.73,0.73,27.382,0.16,4.48,37.51,50.0,31/01/2021 07:25:00,1612074300.0,6,2021.0,7,25,31/01/2021 08:09:00,1612076940.0,6,2021.0,8,9,0,Normal
UK,Dundee,Ultra-Rapid,1.7,1.7,128.766,0.15,19.69,75.745,150.0,31/01/2021 07:32:00,1612074720.0,6,2021.0,7,32,31/01/2021 09:14:00,1612080840.0,6,2021.0,9,14,0,Normal
UK,Dundee,Rapid,1.13,1.13,29.532,0.16,4.8,26.135,50.0,31/01/2021 07:34:00,1612074840.0,6,2021.0,7,34,31/01/2021 08:42:00,1612078920.0,6,2021.0,8,42,0,Normal
UK,Dundee,Rapid,0.2,0.2,1.69,0,0,8.45,50.0,31/01/2021 07:38:00,1612075080.0,6,2021.0,7,38,31/01/2021 07:50:00,1612075800.0,6,2021.0,7,50,0,Normal
UK,Dundee,Rapid,0.45,0.45,12.811,0.18,2.3,28.469,50.0,31/01/2021 07:48:00,1612075680.0,6,2021.0,7,48,31/01/2021 08:15:00,1612077300.0,6,2021.0,8,15,0,Normal
UK,Dundee,Rapid,0.27,0.27,9.624,0.19,1.82,35.644,50.0,31/01/2021 07:53:00,1612075980.0,6,2021.0,7,53,31/01/2021 08:09:00,1612076940.0,6,2021.0,8,9,0,Normal
UK,Dundee,Rapid,0.18,0.18,7.086,0.2,1.44,39.367,50.0,31/01/2021 07:53:00,1612075980.0,6,2021.0,7,53,31/01/2021 08:04:00,1612076640.0,6,2021.0,8,4,0,Normal
UK,Dundee,Rapid,0.22,0.22,3.467,0.26,0.9,15.759,50.0,31/01/2021 07:57:00,1612076220.0,6,2021.0,7,57,31/01/2021 08:10:00,1612077000.0,6,2021.0,8,10,0,Normal
UK,Dundee,Rapid,0.07,0.07,2.646,0.29,0.77,37.8,50.0,31/01/2021 08:25:00,1612077900.0,6,2021.0,8,25,31/01/2021 08:29:00,1612078140.0,6,2021.0,8,29,0,Normal
UK,Dundee,Rapid,0.45,0.45,8.206,0,0,18.236,50.0,31/01/2021 08:51:00,1612079460.0,6,2021.0,8,51,31/01/2021 09:18:00,1612081080.0,6,2021.0,9,18,0,Normal
UK,Dundee,Rapid,0.85,0.85,32.698,0.16,5.28,38.468,50.0,31/01/2021 08:57:00,1612079820.0,6,2021.0,8,57,31/01/2021 09:48:00,1612082880.0,6,2021.0,9,48,0,Normal
UK,Dundee,Rapid,0.43,0.43,9.532,0.19,1.8,22.167,50.0,31/01/2021 09:01:00,1612080060.0,6,2021.0,9,1,31/01/2021 09:27:00,1612081620.0,6,2021.0,9,27,0,Normal
UK,Dundee,Rapid,1.02,1.02,4.526,0.23,1.05,4.437,50.0,31/01/2021 09:02:00,1612080120.0,6,2021.0,9,2,31/01/2021 10:03:00,1612083780.0,6,2021.0,10,3,0,Normal
UK,Dundee,Rapid,0.67,0.67,22.23,0.17,3.71,33.179,50.0,31/01/2021 09:03:00,1612080180.0,6,2021.0,9,3,31/01/2021 09:43:00,1612082580.0,6,2021.0,9,43,0,Normal
UK,Dundee,Rapid,0.23,0.23,9.528,0.19,1.8,41.426,50.0,31/01/2021 09:25:00,1612081500.0,6,2021.0,9,25,31/01/2021 09:39:00,1612082340.0,6,2021.0,9,39,0,Normal
UK,Dundee,Rapid,0.15,0.15,2.343,0.31,0.73,15.62,50.0,31/01/2021 09:42:00,1612082520.0,6,2021.0,9,42,31/01/2021 09:51:00,1612083060.0,6,2021.0,9,51,0,Normal
UK,Dundee,Rapid,0.07,0.07,2.166,0.32,0.7,30.943,50.0,31/01/2021 09:48:00,1612082880.0,6,2021.0,9,48,31/01/2021 09:52:00,1612083120.0,6,2021.0,9,52,0,Normal
UK,Dundee,Rapid,0.3,0.3,10.721,0,0,35.737,50.0,31/01/2021 09:52:00,1612083120.0,6,2021.0,9,52,31/01/2021 10:10:00,1612084200.0,6,2021.0,10,10,0,Normal
UK,Dundee,Rapid,0.95,0.95,33.31,0.16,5.37,35.063,50.0,31/01/2021 09:58:00,1612083480.0,6,2021.0,9,58,31/01/2021 10:55:00,1612086900.0,6,2021.0,10,55,0,Normal
UK,Dundee,Rapid,0.48,0.48,13.809,0.18,2.45,28.769,50.0,31/01/2021 10:02:00,1612083720.0,6,2021.0,10,2,31/01/2021 10:31:00,1612085460.0,6,2021.0,10,31,0,Normal
UK,Dundee,Rapid,1.12,1.12,22.715,0,0,20.281,50.0,31/01/2021 10:38:00,1612085880.0,6,2021.0,10,38,31/01/2021 11:45:00,1612089900.0,6,2021.0,11,45,0,Normal
UK,Dundee,Ultra-Rapid,1.63,1.63,193.244,0.15,29.36,118.555,150.0,31/01/2021 11:01:00,1612087260.0,6,2021.0,11,1,31/01/2021 12:39:00,1612093140.0,6,2021.0,12,39,0,Normal
UK,Dundee,Rapid,0.37,0.37,6.803,0.21,1.4,18.386,50.0,31/01/2021 11:11:00,1612087860.0,6,2021.0,11,11,31/01/2021 11:33:00,1612089180.0,6,2021.0,11,33,0,Normal
UK,Dundee,Fast,1.27,1.27,15.018,0,0,11.825,22.0,31/01/2021 11:12:00,1612087920.0,6,2021.0,11,12,31/01/2021 12:28:00,1612092480.0,6,2021.0,12,28,0,Normal
UK,Dundee,Rapid,0.5,0.5,12.492,0.18,2.25,24.984,50.0,31/01/2021 11:37:00,1612089420.0,6,2021.0,11,37,31/01/2021 12:07:00,1612091220.0,6,2021.0,12,7,0,Normal
UK,Dundee,Rapid,1.02,1.02,14.602,0,0,14.316,50.0,31/01/2021 11:43:00,1612089780.0,6,2021.0,11,43,31/01/2021 12:44:00,1612093440.0,6,2021.0,12,44,0,Normal
UK,Dundee,Fast,3.62,3.62,22.33,0.17,3.72,6.169,7.0,31/01/2021 11:44:00,1612089840.0,6,2021.0,11,44,31/01/2021 15:21:00,1612102860.0,6,2021.0,15,21,0,Normal
UK,Dundee,Rapid,0.63,0.63,15.72,0.17,2.73,24.952,50.0,31/01/2021 11:45:00,1612089900.0,6,2021.0,11,45,31/01/2021 12:23:00,1612092180.0,6,2021.0,12,23,0,Normal
UK,Dundee,Rapid,0.2,0.2,6.54,0.21,1.36,32.7,50.0,31/01/2021 11:47:00,1612090020.0,6,2021.0,11,47,31/01/2021 11:59:00,1612090740.0,6,2021.0,11,59,0,Normal
UK,Dundee,Rapid,0.43,0.43,8.759,0.19,1.69,20.37,50.0,31/01/2021 11:49:00,1612090140.0,6,2021.0,11,49,31/01/2021 12:15:00,1612091700.0,6,2021.0,12,15,0,Normal
UK,Dundee,Fast,1.27,1.27,7.355,0,0,5.791,7.0,31/01/2021 11:51:00,1612090260.0,6,2021.0,11,51,31/01/2021 13:07:00,1612094820.0,6,2021.0,13,7,0,Normal
UK,Dundee,Fast,76.9,76.9,26.909,0.16,4.41,0.35,22.0,31/01/2021 11:55:00,1612090500.0,6,2021.0,11,55,03/02/2021 16:49:00,1612367340.0,2,2021.0,16,49,0,Normal
UK,Dundee,Rapid,0.65,0.65,3.775,0.25,0.94,5.808,50.0,31/01/2021 12:05:00,1612091100.0,6,2021.0,12,5,31/01/2021 12:44:00,1612093440.0,6,2021.0,12,44,0,Normal
UK,Dundee,Rapid,0.75,0.75,21.951,0,0,29.268,50.0,31/01/2021 12:06:00,1612091160.0,6,2021.0,12,6,31/01/2021 12:51:00,1612093860.0,6,2021.0,12,51,0,Normal
UK,Dundee,Rapid,0.37,0.37,9.069,0.19,1.74,24.511,50.0,31/01/2021 12:13:00,1612091580.0,6,2021.0,12,13,31/01/2021 12:35:00,1612092900.0,6,2021.0,12,35,0,Normal
UK,Dundee,Rapid,0.25,0.25,4.364,0.24,1.03,17.456,50.0,31/01/2021 12:13:00,1612091580.0,6,2021.0,12,13,31/01/2021 12:28:00,1612092480.0,6,2021.0,12,28,0,Normal
UK,Dundee,Rapid,1.5,1.5,34.305,0.16,5.52,22.87,50.0,31/01/2021 12:27:00,1612092420.0,6,2021.0,12,27,31/01/2021 13:57:00,1612097820.0,6,2021.0,13,57,0,Normal
UK,Dundee,Fast,7.38,7.38,34.76,0,0,4.71,7.0,31/01/2021 12:29:00,1612092540.0,6,2021.0,12,29,31/01/2021 19:52:00,1612119120.0,6,2021.0,19,52,0,Normal
UK,Dundee,Fast,3.4,3.4,8.9,0,0,2.618,7.0,31/01/2021 12:31:00,1612092660.0,6,2021.0,12,31,31/01/2021 15:55:00,1612104900.0,6,2021.0,15,55,0,Normal
UK,Dundee,Rapid,0.28,0.28,3.943,0.25,0.97,14.082,50.0,31/01/2021 12:44:00,1612093440.0,6,2021.0,12,44,31/01/2021 13:01:00,1612094460.0,6,2021.0,13,1,0,Normal
UK,Dundee,Fast,5.82,5.82,12.27,0,0,2.108,7.0,31/01/2021 12:44:00,1612093440.0,6,2021.0,12,44,31/01/2021 18:33:00,1612114380.0,6,2021.0,18,33,0,Normal
UK,Dundee,Fast,3.08,3.08,16.86,0,0,5.474,7.0,31/01/2021 12:48:00,1612093680.0,6,2021.0,12,48,31/01/2021 15:53:00,1612104780.0,6,2021.0,15,53,0,Normal
UK,Dundee,Fast,3.08,3.08,7.71,0,0,2.503,7.0,31/01/2021 12:49:00,1612093740.0,6,2021.0,12,49,31/01/2021 15:54:00,1612104840.0,6,2021.0,15,54,0,Normal
UK,Dundee,Rapid,0.33,0.33,11.301,0.18,2.07,34.245,50.0,31/01/2021 12:49:00,1612093740.0,6,2021.0,12,49,31/01/2021 13:09:00,1612094940.0,6,2021.0,13,9,0,Normal
UK,Dundee,Fast,3.18,3.18,7.01,0,0,2.204,7.0,31/01/2021 12:49:00,1612093740.0,6,2021.0,12,49,31/01/2021 16:00:00,1612105200.0,6,2021.0,16,0,0,Normal
UK,Dundee,Fast,4.13,4.13,23.5,0.17,3.9,5.69,7.0,31/01/2021 12:52:00,1612093920.0,6,2021.0,12,52,31/01/2021 17:00:00,1612108800.0,6,2021.0,17,0,0,Normal
UK,Dundee,Rapid,0.32,0.32,11.304,0.18,2.07,35.325,50.0,31/01/2021 12:57:00,1612094220.0,6,2021.0,12,57,31/01/2021 13:16:00,1612095360.0,6,2021.0,13,16,0,Normal
UK,Dundee,Rapid,0.35,0.35,13.603,0.18,2.42,38.866,50.0,31/01/2021 12:59:00,1612094340.0,6,2021.0,12,59,31/01/2021 13:20:00,1612095600.0,6,2021.0,13,20,0,Normal
UK,Dundee,Rapid,0.35,0.35,6.124,0.21,1.29,17.497,50.0,31/01/2021 13:00:00,1612094400.0,6,2021.0,13,0,31/01/2021 13:21:00,1612095660.0,6,2021.0,13,21,0,Normal
UK,Dundee,Rapid,0.32,0.32,5.956,0.21,1.27,18.613,50.0,31/01/2021 13:12:00,1612095120.0,6,2021.0,13,12,31/01/2021 13:31:00,1612096260.0,6,2021.0,13,31,0,Normal
UK,Dundee,Fast,18.42,18.42,7.01,0,0,0.381,7.0,31/01/2021 13:14:00,1612095240.0,6,2021.0,13,14,01/02/2021 07:39:00,1612161540.0,0,2021.0,7,39,0,Normal
UK,Dundee,Rapid,0.75,0.75,9.4,0,0,12.533,50.0,31/01/2021 13:17:00,1612095420.0,6,2021.0,13,17,31/01/2021 14:02:00,1612098120.0,6,2021.0,14,2,0,Normal
UK,Dundee,Rapid,1.0,1.0,26.059,0.16,4.28,26.059,50.0,31/01/2021 13:18:00,1612095480.0,6,2021.0,13,18,31/01/2021 14:18:00,1612099080.0,6,2021.0,14,18,0,Normal
UK,Dundee,Rapid,0.5,0.5,6.163,0.21,1.3,12.326,50.0,31/01/2021 13:26:00,1612095960.0,6,2021.0,13,26,31/01/2021 13:56:00,1612097760.0,6,2021.0,13,56,0,Normal
UK,Dundee,Fast,2.05,2.05,13.449,0.18,2.39,6.56,22.0,31/01/2021 13:28:00,1612096080.0,6,2021.0,13,28,31/01/2021 15:31:00,1612103460.0,6,2021.0,15,31,0,Normal
UK,Dundee,Rapid,0.4,0.4,11.516,0.18,2.1,28.79,50.0,31/01/2021 13:32:00,1612096320.0,6,2021.0,13,32,31/01/2021 13:56:00,1612097760.0,6,2021.0,13,56,0,Normal
UK,Dundee,Rapid,0.4,0.4,8.66,0.19,1.67,21.65,50.0,31/01/2021 13:33:00,1612096380.0,6,2021.0,13,33,31/01/2021 13:57:00,1612097820.0,6,2021.0,13,57,0,Normal
UK,Dundee,Fast,9.93,9.93,20.884,0.17,3.51,2.103,22.0,31/01/2021 13:34:00,1612096440.0,6,2021.0,13,34,31/01/2021 23:30:00,1612132200.0,6,2021.0,23,30,0,Normal
UK,Dundee,Rapid,0.75,0.75,3.879,0.25,0.96,5.172,50.0,31/01/2021 13:36:00,1612096560.0,6,2021.0,13,36,31/01/2021 14:21:00,1612099260.0,6,2021.0,14,21,0,Normal
UK,Dundee,Rapid,0.8,0.8,25.906,0.16,4.26,32.382,50.0,31/01/2021 13:37:00,1612096620.0,6,2021.0,13,37,31/01/2021 14:25:00,1612099500.0,6,2021.0,14,25,0,Normal
UK,Dundee,Rapid,0.5,0.5,12.816,0.18,2.3,25.632,50.0,31/01/2021 13:37:00,1612096620.0,6,2021.0,13,37,31/01/2021 14:07:00,1612098420.0,6,2021.0,14,7,0,Normal
UK,Dundee,Fast,4.47,4.47,7.85,0,0,1.756,7.0,31/01/2021 13:40:00,1612096800.0,6,2021.0,13,40,31/01/2021 18:08:00,1612112880.0,6,2021.0,18,8,0,Normal
UK,Dundee,Rapid,0.47,0.47,10.78,0.18,1.99,22.936,50.0,31/01/2021 13:56:00,1612097760.0,6,2021.0,13,56,31/01/2021 14:24:00,1612099440.0,6,2021.0,14,24,0,Normal
UK,Dundee,Fast,4.73,4.73,6.991,0,0,1.478,7.0,31/01/2021 13:56:00,1612097760.0,6,2021.0,13,56,31/01/2021 18:40:00,1612114800.0,6,2021.0,18,40,0,Normal
UK,Dundee,Fast,1.25,1.25,7.151,0,0,5.721,7.0,31/01/2021 14:02:00,1612098120.0,6,2021.0,14,2,31/01/2021 15:17:00,1612102620.0,6,2021.0,15,17,0,Normal
UK,Dundee,Fast,5.28,5.28,10.417,0.19,1.94,1.973,22.0,31/01/2021 14:03:00,1612098180.0,6,2021.0,14,3,31/01/2021 19:20:00,1612117200.0,6,2021.0,19,20,0,Normal
UK,Dundee,Rapid,0.33,0.33,3.37,0.26,0.88,10.212,50.0,31/01/2021 14:07:00,1612098420.0,6,2021.0,14,7,31/01/2021 14:27:00,1612099620.0,6,2021.0,14,27,0,Normal
UK,Dundee,Rapid,1.02,1.02,30.547,0.16,4.96,29.948,50.0,31/01/2021 14:22:00,1612099320.0,6,2021.0,14,22,31/01/2021 15:23:00,1612102980.0,6,2021.0,15,23,0,Normal
UK,Dundee,Rapid,2.67,2.67,84.468,0.15,13.05,31.636,50.0,31/01/2021 14:23:00,1612099380.0,6,2021.0,14,23,31/01/2021 17:03:00,1612108980.0,6,2021.0,17,3,0,Normal
UK,Dundee,Fast,5.63,5.63,13.48,0,0,2.394,7.0,31/01/2021 14:30:00,1612099800.0,6,2021.0,14,30,31/01/2021 20:08:00,1612120080.0,6,2021.0,20,8,0,Normal
UK,Dundee,Rapid,0.67,0.67,21.602,0,0,32.242,50.0,31/01/2021 14:34:00,1612100040.0,6,2021.0,14,34,31/01/2021 15:14:00,1612102440.0,6,2021.0,15,14,0,Normal
UK,Dundee,Rapid,0.25,0.25,2.593,0.29,0.76,10.372,50.0,31/01/2021 14:37:00,1612100220.0,6,2021.0,14,37,31/01/2021 14:52:00,1612101120.0,6,2021.0,14,52,0,Normal
UK,Dundee,Rapid,0.37,0.37,5.129,0.22,1.14,13.862,50.0,31/01/2021 14:38:00,1612100280.0,6,2021.0,14,38,31/01/2021 15:00:00,1612101600.0,6,2021.0,15,0,0,Normal
UK,Dundee,Fast,3.12,3.12,13.996,0.18,2.47,4.486,22.0,31/01/2021 14:39:00,1612100340.0,6,2021.0,14,39,31/01/2021 17:46:00,1612111560.0,6,2021.0,17,46,0,Normal
UK,Dundee,Ultra-Rapid,1.6,1.6,188.463,0.15,28.64,117.789,150.0,31/01/2021 14:45:00,1612100700.0,6,2021.0,14,45,31/01/2021 16:21:00,1612106460.0,6,2021.0,16,21,0,Normal
UK,Dundee,Rapid,0.5,0.5,15.837,0.17,2.75,31.674,50.0,31/01/2021 15:03:00,1612101780.0,6,2021.0,15,3,31/01/2021 15:33:00,1612103580.0,6,2021.0,15,33,0,Normal
UK,Dundee,Rapid,0.65,0.65,29.331,0.16,4.77,45.125,50.0,31/01/2021 15:13:00,1612102380.0,6,2021.0,15,13,31/01/2021 15:52:00,1612104720.0,6,2021.0,15,52,0,Normal
UK,Dundee,Rapid,0.62,0.62,23.193,0.17,3.85,37.408,50.0,31/01/2021 15:22:00,1612102920.0,6,2021.0,15,22,31/01/2021 15:59:00,1612105140.0,6,2021.0,15,59,0,Normal
UK,Dundee,Rapid,0.53,0.53,23.971,0.17,3.97,45.228,50.0,31/01/2021 15:30:00,1612103400.0,6,2021.0,15,30,31/01/2021 16:02:00,1612105320.0,6,2021.0,16,2,0,Normal
UK,Dundee,Rapid,0.62,0.62,27.236,0.16,4.46,43.929,50.0,31/01/2021 15:40:00,1612104000.0,6,2021.0,15,40,31/01/2021 16:17:00,1612106220.0,6,2021.0,16,17,0,Normal
UK,Dundee,Rapid,0.67,0.67,12.572,0.18,2.26,18.764,50.0,31/01/2021 15:41:00,1612104060.0,6,2021.0,15,41,31/01/2021 16:21:00,1612106460.0,6,2021.0,16,21,0,Normal
UK,Dundee,Rapid,0.68,0.68,20.977,0.17,3.52,30.849,50.0,31/01/2021 15:42:00,1612104120.0,6,2021.0,15,42,31/01/2021 16:23:00,1612106580.0,6,2021.0,16,23,0,Normal
UK,Dundee,Rapid,0.2,0.2,4.768,0.23,1.09,23.84,50.0,31/01/2021 15:43:00,1612104180.0,6,2021.0,15,43,31/01/2021 15:55:00,1612104900.0,6,2021.0,15,55,0,Normal
UK,Dundee,Rapid,1.28,1.28,22.4,0.17,3.74,17.5,50.0,31/01/2021 15:50:00,1612104600.0,6,2021.0,15,50,31/01/2021 17:07:00,1612109220.0,6,2021.0,17,7,0,Normal
UK,Dundee,Rapid,0.7,0.7,14.361,0.18,2.53,20.516,50.0,31/01/2021 15:59:00,1612105140.0,6,2021.0,15,59,31/01/2021 16:41:00,1612107660.0,6,2021.0,16,41,0,Normal
UK,Dundee,Rapid,0.45,0.45,21.227,0.17,3.56,47.171,50.0,31/01/2021 16:08:00,1612105680.0,6,2021.0,16,8,31/01/2021 16:35:00,1612107300.0,6,2021.0,16,35,0,Normal
UK,Dundee,Rapid,0.25,0.25,6.403,0,0,25.612,50.0,31/01/2021 16:11:00,1612105860.0,6,2021.0,16,11,31/01/2021 16:26:00,1612106760.0,6,2021.0,16,26,0,Normal
UK,Dundee,Rapid,0.05,0.05,1.244,0.45,0.56,24.88,50.0,31/01/2021 16:17:00,1612106220.0,6,2021.0,16,17,31/01/2021 16:20:00,1612106400.0,6,2021.0,16,20,0,Normal
UK,Dundee,Rapid,0.6,0.6,11.35,0,0,18.917,50.0,31/01/2021 16:17:00,1612106220.0,6,2021.0,16,17,31/01/2021 16:53:00,1612108380.0,6,2021.0,16,53,0,Normal
UK,Dundee,Rapid,0.73,0.73,3.874,0.25,0.96,5.307,50.0,31/01/2021 16:20:00,1612106400.0,6,2021.0,16,20,31/01/2021 17:04:00,1612109040.0,6,2021.0,17,4,0,Normal
UK,Dundee,Rapid,0.42,0.42,2.625,0.29,0.77,6.25,50.0,31/01/2021 16:25:00,1612106700.0,6,2021.0,16,25,31/01/2021 16:50:00,1612108200.0,6,2021.0,16,50,0,Normal
UK,Dundee,Rapid,1.0,1.0,27.692,0,0,27.692,50.0,31/01/2021 16:27:00,1612106820.0,6,2021.0,16,27,31/01/2021 17:27:00,1612110420.0,6,2021.0,17,27,0,Normal
UK,Dundee,Ultra-Rapid,1.68,1.68,125.166,0.15,19.15,74.504,150.0,31/01/2021 16:30:00,1612107000.0,6,2021.0,16,30,31/01/2021 18:11:00,1612113060.0,6,2021.0,18,11,0,Normal
UK,Dundee,Rapid,0.93,0.93,17.377,0.17,2.98,18.685,50.0,31/01/2021 16:33:00,1612107180.0,6,2021.0,16,33,31/01/2021 17:29:00,1612110540.0,6,2021.0,17,29,0,Normal
UK,Dundee,Fast,15.22,15.22,33.31,0.16,5.37,2.189,7.0,31/01/2021 16:39:00,1612107540.0,6,2021.0,16,39,01/02/2021 07:52:00,1612162320.0,0,2021.0,7,52,0,Normal
UK,Dundee,Rapid,0.28,0.28,7.94,0.2,1.57,28.357,50.0,31/01/2021 16:43:00,1612107780.0,6,2021.0,16,43,31/01/2021 17:00:00,1612108800.0,6,2021.0,17,0,0,Normal
UK,Dundee,Rapid,0.78,0.78,15.299,0,0,19.614,50.0,31/01/2021 16:48:00,1612108080.0,6,2021.0,16,48,31/01/2021 17:35:00,1612110900.0,6,2021.0,17,35,0,Normal
UK,Dundee,Rapid,0.5,0.5,19.22,0.17,3.26,38.44,50.0,31/01/2021 16:56:00,1612108560.0,6,2021.0,16,56,31/01/2021 17:26:00,1612110360.0,6,2021.0,17,26,0,Normal
UK,Dundee,Rapid,0.2,0.2,5.57,0.22,1.21,27.85,50.0,31/01/2021 16:57:00,1612108620.0,6,2021.0,16,57,31/01/2021 17:09:00,1612109340.0,6,2021.0,17,9,0,Normal
UK,Dundee,Rapid,0.33,0.33,9.65,0.19,1.82,29.242,50.0,31/01/2021 16:58:00,1612108680.0,6,2021.0,16,58,31/01/2021 17:18:00,1612109880.0,6,2021.0,17,18,0,Normal
UK,Dundee,Fast,14.9,14.9,11.49,0,0,0.771,7.0,31/01/2021 17:02:00,1612108920.0,6,2021.0,17,2,01/02/2021 07:56:00,1612162560.0,0,2021.0,7,56,0,Normal
UK,Dundee,Rapid,0.4,0.4,8.688,0.19,1.68,21.72,50.0,31/01/2021 17:06:00,1612109160.0,6,2021.0,17,6,31/01/2021 17:30:00,1612110600.0,6,2021.0,17,30,0,Normal
UK,Dundee,Rapid,0.58,0.58,11.64,0,0,20.069,50.0,31/01/2021 17:12:00,1612109520.0,6,2021.0,17,12,31/01/2021 17:47:00,1612111620.0,6,2021.0,17,47,0,Normal
UK,Dundee,Fast,2.83,2.83,9.859,0.19,1.85,3.484,22.0,31/01/2021 17:15:00,1612109700.0,6,2021.0,17,15,31/01/2021 20:05:00,1612119900.0,6,2021.0,20,5,0,Normal
UK,Dundee,Rapid,0.65,0.65,18.15,0,0,27.923,50.0,31/01/2021 17:23:00,1612110180.0,6,2021.0,17,23,31/01/2021 18:02:00,1612112520.0,6,2021.0,18,2,0,Normal
UK,Dundee,Rapid,0.72,0.72,20.999,0.17,3.52,29.165,50.0,31/01/2021 17:24:00,1612110240.0,6,2021.0,17,24,31/01/2021 18:07:00,1612112820.0,6,2021.0,18,7,0,Normal
UK,Dundee,Fast,14.15,14.15,37.42,0.16,5.99,2.645,7.0,31/01/2021 17:24:00,1612110240.0,6,2021.0,17,24,01/02/2021 07:33:00,1612161180.0,0,2021.0,7,33,0,Normal
UK,Dundee,Rapid,0.52,0.52,19.879,0.17,3.36,38.229,50.0,31/01/2021 17:27:00,1612110420.0,6,2021.0,17,27,31/01/2021 17:58:00,1612112280.0,6,2021.0,17,58,0,Normal
UK,Dundee,Rapid,0.05,0.05,1.96,0.34,0.67,39.2,50.0,31/01/2021 17:34:00,1612110840.0,6,2021.0,17,34,31/01/2021 17:37:00,1612111020.0,6,2021.0,17,37,0,Normal
UK,Dundee,Rapid,0.2,0.2,5.419,0.22,1.19,27.095,50.0,31/01/2021 17:45:00,1612111500.0,6,2021.0,17,45,31/01/2021 17:57:00,1612112220.0,6,2021.0,17,57,0,Normal
UK,Dundee,Rapid,0.9,0.9,33.94,0.16,5.47,37.711,50.0,31/01/2021 17:48:00,1612111680.0,6,2021.0,17,48,31/01/2021 18:42:00,1612114920.0,6,2021.0,18,42,0,Normal
UK,Dundee,Fast,14.5,14.5,55.647,0.16,8.71,3.838,7.0,31/01/2021 17:56:00,1612112160.0,6,2021.0,17,56,01/02/2021 08:26:00,1612164360.0,0,2021.0,8,26,0,Normal
UK,Dundee,Rapid,0.18,0.18,7.052,0.2,1.43,39.178,50.0,31/01/2021 17:59:00,1612112340.0,6,2021.0,17,59,31/01/2021 18:10:00,1612113000.0,6,2021.0,18,10,0,Normal
UK,Dundee,Rapid,0.08,0.08,2.22,0.32,0.71,27.75,50.0,31/01/2021 18:11:00,1612113060.0,6,2021.0,18,11,31/01/2021 18:16:00,1612113360.0,6,2021.0,18,16,0,Normal
UK,Dundee,Fast,2.88,2.88,15.3,0,0,5.312,7.0,31/01/2021 18:13:00,1612113180.0,6,2021.0,18,13,31/01/2021 21:06:00,1612123560.0,6,2021.0,21,6,0,Normal
UK,Dundee,Rapid,0.05,0.05,2.219,0.32,0.71,44.38,50.0,31/01/2021 18:28:00,1612114080.0,6,2021.0,18,28,31/01/2021 18:31:00,1612114260.0,6,2021.0,18,31,0,Normal
UK,Dundee,Rapid,0.37,0.37,8.759,0,0,23.673,50.0,31/01/2021 18:35:00,1612114500.0,6,2021.0,18,35,31/01/2021 18:57:00,1612115820.0,6,2021.0,18,57,0,Normal
UK,Dundee,Rapid,0.15,0.15,3.058,0.27,0.83,20.387,50.0,31/01/2021 18:37:00,1612114620.0,6,2021.0,18,37,31/01/2021 18:46:00,1612115160.0,6,2021.0,18,46,0,Normal
UK,Dundee,Rapid,0.23,0.23,3.878,0.25,0.96,16.861,50.0,31/01/2021 18:41:00,1612114860.0,6,2021.0,18,41,31/01/2021 18:55:00,1612115700.0,6,2021.0,18,55,0,Normal
UK,Dundee,Rapid,0.42,0.42,14.34,0.18,2.53,34.143,50.0,31/01/2021 18:43:00,1612114980.0,6,2021.0,18,43,31/01/2021 19:08:00,1612116480.0,6,2021.0,19,8,0,Normal
UK,Dundee,Rapid,0.48,0.48,15.6,0.17,2.72,32.5,50.0,31/01/2021 18:44:00,1612115040.0,6,2021.0,18,44,31/01/2021 19:13:00,1612116780.0,6,2021.0,19,13,0,Normal
UK,Dundee,Rapid,0.52,0.52,8.851,0.19,1.7,17.021,50.0,31/01/2021 18:50:00,1612115400.0,6,2021.0,18,50,31/01/2021 19:21:00,1612117260.0,6,2021.0,19,21,0,Normal
UK,Dundee,Rapid,0.58,0.58,15.08,0.18,2.64,26.0,50.0,31/01/2021 18:57:00,1612115820.0,6,2021.0,18,57,31/01/2021 19:32:00,1612117920.0,6,2021.0,19,32,0,Normal
UK,Dundee,Rapid,0.1,0.1,2.241,0.32,0.71,22.41,50.0,31/01/2021 19:07:00,1612116420.0,6,2021.0,19,7,31/01/2021 19:13:00,1612116780.0,6,2021.0,19,13,0,Normal
UK,Dundee,Rapid,1.0,1.0,24.822,0.17,4.1,24.822,50.0,31/01/2021 19:21:00,1612117260.0,6,2021.0,19,21,31/01/2021 20:21:00,1612120860.0,6,2021.0,20,21,0,Normal
UK,Dundee,Rapid,0.68,0.68,11.609,0.18,2.12,17.072,50.0,31/01/2021 19:21:00,1612117260.0,6,2021.0,19,21,31/01/2021 20:02:00,1612119720.0,6,2021.0,20,2,0,Normal
UK,Dundee,Rapid,0.57,0.57,8.268,0.2,1.62,14.505,50.0,31/01/2021 19:26:00,1612117560.0,6,2021.0,19,26,31/01/2021 20:00:00,1612119600.0,6,2021.0,20,0,0,Normal
UK,Dundee,Rapid,0.22,0.22,9.678,0.19,1.83,43.991,50.0,31/01/2021 19:27:00,1612117620.0,6,2021.0,19,27,31/01/2021 19:40:00,1612118400.0,6,2021.0,19,40,0,Normal
UK,Dundee,Rapid,0.1,0.1,2.982,0.27,0.82,29.82,50.0,31/01/2021 19:32:00,1612117920.0,6,2021.0,19,32,31/01/2021 19:38:00,1612118280.0,6,2021.0,19,38,0,Normal
UK,Dundee,Rapid,0.28,0.28,1.732,0.36,0.63,6.186,50.0,31/01/2021 19:35:00,1612118100.0,6,2021.0,19,35,31/01/2021 19:52:00,1612119120.0,6,2021.0,19,52,0,Normal
UK,Dundee,Rapid,0.4,0.4,16.225,0.17,2.81,40.562,50.0,31/01/2021 19:41:00,1612118460.0,6,2021.0,19,41,31/01/2021 20:05:00,1612119900.0,6,2021.0,20,5,0,Normal
UK,Dundee,Rapid,0.1,0.1,2.878,0.28,0.81,28.78,50.0,31/01/2021 19:45:00,1612118700.0,6,2021.0,19,45,31/01/2021 19:51:00,1612119060.0,6,2021.0,19,51,0,Normal
UK,Dundee,Rapid,0.08,0.08,4.04,0.24,0.98,50.5,50.0,31/01/2021 19:52:00,1612119120.0,6,2021.0,19,52,31/01/2021 19:57:00,1612119420.0,6,2021.0,19,57,0,Normal
UK,Dundee,Rapid,0.4,0.4,15.682,0.17,2.73,39.205,50.0,31/01/2021 19:55:00,1612119300.0,6,2021.0,19,55,31/01/2021 20:19:00,1612120740.0,6,2021.0,20,19,0,Normal
UK,Dundee,Rapid,1.0,1.0,27.584,0.16,4.51,27.584,50.0,31/01/2021 19:58:00,1612119480.0,6,2021.0,19,58,31/01/2021 20:58:00,1612123080.0,6,2021.0,20,58,0,Normal
UK,Dundee,Rapid,0.17,0.17,6.526,0.21,1.35,38.388,50.0,31/01/2021 20:00:00,1612119600.0,6,2021.0,20,0,31/01/2021 20:10:00,1612120200.0,6,2021.0,20,10,0,Normal
UK,Dundee,Rapid,0.17,0.17,7.724,0.2,1.53,45.435,50.0,31/01/2021 20:03:00,1612119780.0,6,2021.0,20,3,31/01/2021 20:13:00,1612120380.0,6,2021.0,20,13,0,Normal
UK,Dundee,Ultra-Rapid,2.08,2.08,157.398,0.15,23.98,75.672,150.0,31/01/2021 20:04:00,1612119840.0,6,2021.0,20,4,31/01/2021 22:09:00,1612127340.0,6,2021.0,22,9,0,Normal
UK,Dundee,Fast,11.18,11.18,24.26,0.17,4.01,2.17,7.0,31/01/2021 20:13:00,1612120380.0,6,2021.0,20,13,01/02/2021 07:24:00,1612160640.0,0,2021.0,7,24,0,Normal
UK,Dundee,Fast,12.68,12.68,12.956,0,0,1.022,22.0,31/01/2021 20:28:00,1612121280.0,6,2021.0,20,28,01/02/2021 09:09:00,1612166940.0,0,2021.0,9,9,0,Normal
UK,Dundee,Fast,2.98,2.98,11.49,0.18,2.1,3.856,7.0,31/01/2021 20:46:00,1612122360.0,6,2021.0,20,46,31/01/2021 23:45:00,1612133100.0,6,2021.0,23,45,0,Normal
UK,Dundee,Rapid,0.42,0.42,6.922,0.2,1.41,16.481,50.0,31/01/2021 20:48:00,1612122480.0,6,2021.0,20,48,31/01/2021 21:13:00,1612123980.0,6,2021.0,21,13,0,Normal
UK,Dundee,Rapid,0.15,0.15,7.083,0.2,1.44,47.22,50.0,31/01/2021 20:50:00,1612122600.0,6,2021.0,20,50,31/01/2021 20:59:00,1612123140.0,6,2021.0,20,59,0,Normal
UK,Dundee,Rapid,0.25,0.25,11.074,0.18,2.04,44.296,50.0,31/01/2021 20:58:00,1612123080.0,6,2021.0,20,58,31/01/2021 21:13:00,1612123980.0,6,2021.0,21,13,0,Normal
UK,Dundee,Fast,10.48,10.48,39.779,0.16,6.33,3.796,22.0,31/01/2021 21:02:00,1612123320.0,6,2021.0,21,2,01/02/2021 07:31:00,1612161060.0,0,2021.0,7,31,0,Normal
UK,Dundee,Rapid,0.83,0.83,18.714,0.17,3.18,22.547,50.0,31/01/2021 21:05:00,1612123500.0,6,2021.0,21,5,31/01/2021 21:55:00,1612126500.0,6,2021.0,21,55,0,Normal
UK,Dundee,Fast,10.25,10.25,23.59,0.17,3.91,2.301,7.0,31/01/2021 21:07:00,1612123620.0,6,2021.0,21,7,01/02/2021 07:22:00,1612160520.0,0,2021.0,7,22,0,Normal
UK,Dundee,Rapid,0.07,0.07,2.237,0.32,0.71,31.957,50.0,31/01/2021 21:08:00,1612123680.0,6,2021.0,21,8,31/01/2021 21:12:00,1612123920.0,6,2021.0,21,12,0,Normal
UK,Dundee,Fast,9.68,9.68,34.27,0,0,3.54,7.0,31/01/2021 21:14:00,1612124040.0,6,2021.0,21,14,01/02/2021 06:55:00,1612158900.0,0,2021.0,6,55,0,Normal
UK,Dundee,Rapid,0.08,0.08,2.598,0.29,0.76,32.475,50.0,31/01/2021 21:17:00,1612124220.0,6,2021.0,21,17,31/01/2021 21:22:00,1612124520.0,6,2021.0,21,22,0,Normal
UK,Dundee,Fast,9.78,9.78,15.71,0,0,1.606,7.0,31/01/2021 21:17:00,1612124220.0,6,2021.0,21,17,01/02/2021 07:04:00,1612159440.0,0,2021.0,7,4,0,Normal
UK,Dundee,Rapid,0.73,0.73,18.194,0,0,24.923,50.0,31/01/2021 21:19:00,1612124340.0,6,2021.0,21,19,31/01/2021 22:03:00,1612126980.0,6,2021.0,22,3,0,Normal
UK,Dundee,Fast,10.13,10.13,8.22,0,0,0.811,7.0,31/01/2021 21:23:00,1612124580.0,6,2021.0,21,23,01/02/2021 07:31:00,1612161060.0,0,2021.0,7,31,0,Normal
UK,Dundee,Rapid,0.75,0.75,28.752,0.16,4.69,38.336,50.0,31/01/2021 21:23:00,1612124580.0,6,2021.0,21,23,31/01/2021 22:08:00,1612127280.0,6,2021.0,22,8,0,Normal
UK,Dundee,Rapid,0.23,0.23,10.139,0.19,1.9,44.083,50.0,31/01/2021 21:26:00,1612124760.0,6,2021.0,21,26,31/01/2021 21:40:00,1612125600.0,6,2021.0,21,40,0,Normal
UK,Dundee,Rapid,0.67,0.67,13.207,0.18,2.36,19.712,50.0,31/01/2021 21:32:00,1612125120.0,6,2021.0,21,32,31/01/2021 22:12:00,1612127520.0,6,2021.0,22,12,0,Normal
UK,Dundee,Rapid,1.0,1.0,29.413,0.16,4.79,29.413,50.0,31/01/2021 21:33:00,1612125180.0,6,2021.0,21,33,31/01/2021 22:33:00,1612128780.0,6,2021.0,22,33,0,Normal
UK,Dundee,Rapid,0.15,0.15,5.739,0.22,1.24,38.26,50.0,31/01/2021 21:33:00,1612125180.0,6,2021.0,21,33,31/01/2021 21:42:00,1612125720.0,6,2021.0,21,42,0,Normal
UK,Dundee,Rapid,0.2,0.2,4.24,0,0,21.2,50.0,31/01/2021 21:33:00,1612125180.0,6,2021.0,21,33,31/01/2021 21:45:00,1612125900.0,6,2021.0,21,45,0,Normal
UK,Dundee,Rapid,0.55,0.55,8.663,0.19,1.67,15.751,50.0,31/01/2021 21:43:00,1612125780.0,6,2021.0,21,43,31/01/2021 22:16:00,1612127760.0,6,2021.0,22,16,0,Normal
UK,Dundee,Fast,5.42,5.42,12.84,0,0,2.369,7.0,31/01/2021 21:48:00,1612126080.0,6,2021.0,21,48,01/02/2021 03:13:00,1612145580.0,0,2021.0,3,13,0,Normal
UK,Dundee,Rapid,0.73,0.73,20.129,0.17,3.39,27.574,50.0,31/01/2021 21:52:00,1612126320.0,6,2021.0,21,52,31/01/2021 22:36:00,1612128960.0,6,2021.0,22,36,0,Normal
UK,Dundee,Rapid,0.22,0.22,4.303,0.24,1.02,19.559,50.0,31/01/2021 21:55:00,1612126500.0,6,2021.0,21,55,31/01/2021 22:08:00,1612127280.0,6,2021.0,22,8,0,Normal
UK,Dundee,Fast,9.85,9.85,25.309,0.16,4.17,2.569,22.0,31/01/2021 21:58:00,1612126680.0,6,2021.0,21,58,01/02/2021 07:49:00,1612162140.0,0,2021.0,7,49,0,Normal
UK,Dundee,Rapid,0.63,0.63,20.823,0.17,3.5,33.052,50.0,31/01/2021 22:01:00,1612126860.0,6,2021.0,22,1,31/01/2021 22:39:00,1612129140.0,6,2021.0,22,39,0,Normal
UK,Dundee,Fast,19.42,19.42,0.0,0,0,0.0,7.0,31/01/2021 22:04:00,1612127040.0,6,2021.0,22,4,01/02/2021 17:29:00,1612196940.0,0,2021.0,17,29,0,Normal
UK,Dundee,Rapid,0.17,0.17,5.898,0.21,1.26,34.694,50.0,31/01/2021 22:07:00,1612127220.0,6,2021.0,22,7,31/01/2021 22:17:00,1612127820.0,6,2021.0,22,17,0,Normal
UK,Dundee,Rapid,0.4,0.4,14.638,0.18,2.57,36.595,50.0,31/01/2021 22:10:00,1612127400.0,6,2021.0,22,10,31/01/2021 22:34:00,1612128840.0,6,2021.0,22,34,0,Normal
UK,Dundee,Rapid,0.1,0.1,4.013,0.24,0.98,40.13,50.0,31/01/2021 22:12:00,1612127520.0,6,2021.0,22,12,31/01/2021 22:18:00,1612127880.0,6,2021.0,22,18,0,Normal
UK,Dundee,Fast,5.5,5.5,20.114,0.17,3.38,3.657,22.0,31/01/2021 22:35:00,1612128900.0,6,2021.0,22,35,01/02/2021 04:05:00,1612148700.0,0,2021.0,4,5,0,Normal
UK,Dundee,Ultra-Rapid,1.5,1.5,113.776,0.15,17.25,75.851,150.0,31/01/2021 22:52:00,1612129920.0,6,2021.0,22,52,01/02/2021 00:22:00,1612135320.0,0,2021.0,0,22,0,Normal
UK,Dundee,Rapid,0.58,0.58,11.216,0.18,2.06,19.338,50.0,31/01/2021 23:33:00,1612132380.0,6,2021.0,23,33,01/02/2021 00:08:00,1612134480.0,0,2021.0,0,8,0,Normal
